,st_literacy_rate_pct,literacy_gap_pct,dropout_secondary_pct,st_bpl_mean_pct,employment_lfpr_person_per_1000,employment_wpr_person_per_1000,employment_pu_person_per_1000,mgnreg_sought_not_received_per_1000,overall_priority_score
st_literacy_rate_pct,1.0,-0.7177139194889555,-0.4796090286723497,-0.10175482500404706,-0.2710250128360679,-0.36061208618354607,0.6304453307507613,-0.4912570791968878,-0.7868624455227393
literacy_gap_pct,-0.7177139194889555,1.0,0.40013072645612935,0.1475097242572148,0.32368680756046414,0.3742370154324507,-0.4362767952548223,0.03908299185539173,0.7206397755261903
dropout_secondary_pct,-0.4796090286723497,0.40013072645612935,1.0,0.6644138693352941,0.2876879198300499,0.29747863886858616,-0.17465948375904178,-0.025750094655261055,0.7105826619930323
st_bpl_mean_pct,-0.10175482500404706,0.1475097242572148,0.6644138693352941,1.0,-0.38173594093097657,-0.37114842243684687,0.12397326051722937,0.3277773802639033,0.7366218685848481
employment_lfpr_person_per_1000,-0.2710250128360679,0.32368680756046414,0.2876879198300499,-0.38173594093097657,1.0,0.9877476141713452,-0.3498594186071512,-0.17492285699851584,0.09469401331959493
employment_wpr_person_per_1000,-0.36061208618354607,0.3742370154324507,0.29747863886858616,-0.37114842243684687,0.9877476141713452,1.0,-0.49170132837511815,-0.11110009755510722,0.1119541796877787
employment_pu_person_per_1000,0.6304453307507613,-0.4362767952548223,-0.17465948375904178,0.12397326051722937,-0.3498594186071512,-0.49170132837511815,1.0,-0.3079637553451271,-0.1388678097232674
mgnreg_sought_not_received_per_1000,-0.4912570791968878,0.03908299185539173,-0.025750094655261055,0.3277773802639033,-0.17492285699851584,-0.11110009755510722,-0.3079637553451271,1.0,0.1975812739388953
overall_priority_score,-0.7868624455227393,0.7206397755261903,0.7105826619930323,0.7366218685848481,0.09469401331959493,0.1119541796877787,-0.1388678097232674,0.1975812739388953,1.0
